{
  "lucchi_iouf": 0.6799835641576457,
  "macro_iouf": 0.7148039409385872,
  "seed": 4,
  "variant": "balanced",
  "vnc_iouf": 0.7496243177195288
}