{
  "lucchi_iouf": 0.6978172905025982,
  "macro_iouf": 0.7335060977417485,
  "seed": 2,
  "variant": "balanced",
  "vnc_iouf": 0.7691949049808987
}