{
  "lucchi_iouf": 0.74310654101219,
  "macro_iouf": 0.7524740106673968,
  "seed": 4,
  "variant": "unbalanced",
  "vnc_iouf": 0.7618414803226036
}