{
  "lucchi_iouf": 0.7274537968963206,
  "macro_iouf": 0.7405921687288177,
  "seed": 2,
  "variant": "unbalanced",
  "vnc_iouf": 0.7537305405613149
}