{
  "lucchi_iouf": 0.6922356686738725,
  "macro_iouf": 0.7257479407361707,
  "seed": 1,
  "variant": "balanced",
  "vnc_iouf": 0.7592602127984687
}