{
  "lucchi_iouf": 0.6926873954787638,
  "macro_iouf": 0.7324182403564834,
  "seed": 3,
  "variant": "balanced",
  "vnc_iouf": 0.772149085234203
}