{
  "lucchi_iouf": 0.6977867048244377,
  "macro_iouf": 0.7294865283407663,
  "seed": 0,
  "variant": "unbalanced",
  "vnc_iouf": 0.7611863518570949
}