{
  "lucchi_iouf": 0.7412454809611112,
  "macro_iouf": 0.7502064390326609,
  "seed": 3,
  "variant": "unbalanced",
  "vnc_iouf": 0.7591673971042107
}