{
  "lucchi_iouf": 0.7333125576522335,
  "macro_iouf": 0.7524014837285079,
  "seed": 1,
  "variant": "unbalanced",
  "vnc_iouf": 0.7714904098047823
}