{
  "lucchi_iouf": 0.6845695021256638,
  "macro_iouf": 0.7226847747165479,
  "seed": 0,
  "variant": "balanced",
  "vnc_iouf": 0.760800047307432
}